name,group,url,reason
Channel One HD (720p),,https://edge1.1internet.tv/dash-live2/streams/1tv-dvr/1tvdash.mpd,dead:html
Радио Говорит Москва (Веб-камера) (720p),,https://video.govoritmoskva.ru/rufm/index.m3u8,dead:http_206
.black (576p),,http://str2.iptvhd.ru:8080/Sony_Turbo/index.m3u8,dead:http_403
.red HD (1080p),,http://str2.iptvhd.ru:8080/SET/index.m3u8,dead:http_403
1HD Music Television (1080p),,http://str2.iptvhd.ru:8080/1HD/index.m3u8,dead:http_403
365 days TV (576p),,http://str2.iptvhd.ru:8080/365_dney/index.m3u8,dead:http_403
A2 (576p),,http://str2.iptvhd.ru:8080/Amedia_2/index.m3u8,dead:http_403
Amedia Hit (1080p),,http://str2.iptvhd.ru:8080/Amedia_Hit_HD/index.m3u8,dead:http_403
Ani (576p),,http://str2.iptvhd.ru:8080/ani/index.m3u8,dead:http_403
Auto Plus (576p),,http://str2.iptvhd.ru:8080/Avto_Plyus/index.m3u8,dead:http_403
Avto24 (1080i),,http://str2.iptvhd.ru:8080/Avto_24/index.m3u8,dead:http_403
Boks TV (576p),,http://str2.iptvhd.ru:8080/Boks_TV/index.m3u8,dead:http_403
Bollywood (576p),,http://str2.iptvhd.ru:8080/bollywood/index.m3u8,dead:http_403
Bollywood HD (1080p),,http://str2.iptvhd.ru:8080/Bollywood_HD/index.m3u8,dead:http_403
BRIDGE Classic (576p),,http://str2.iptvhd.ru:8080/Bridge_TV_Classic/index.m3u8,dead:http_403
BRIDGE Fresh (1080p),,http://str2.iptvhd.ru:8080/Bridge_TV_HD/index.m3u8,dead:http_403
Carousel (576p),,http://str2.iptvhd.ru:8080/Karusel/index.m3u8,dead:http_403
Channel 5 (576p),,http://str2.iptvhd.ru:8080/5_kanal/index.m3u8,dead:http_403
Channel One (576p),,http://str2.iptvhd.ru:8080/Pervikanal/index.m3u8,dead:http_403
Che! (576p),,http://str2.iptvhd.ru:8080/Che/index.m3u8,dead:http_403
Cinema,,http://catchup.videoline.ru/cinema/playlist.m3u8,dead:http_403
Cinema (576p),,http://str2.iptvhd.ru:8080/cinema/index.m3u8,dead:http_403
Classic Music (1080p),,http://str2.iptvhd.ru:8080/c-music/index.m3u8,dead:http_403
Detski mir (576p),,http://str2.iptvhd.ru:8080/Teleklub/index.m3u8,dead:http_403
Doctor (576p),,http://str2.iptvhd.ru:8080/24Dok/index.m3u8,dead:http_403
Dom kino (576p),,http://str2.iptvhd.ru:8080/Dom_kino/index.m3u8,dead:http_403
Domashniy (576p),,http://str2.iptvhd.ru:8080/Domashniy/index.m3u8,dead:http_403
Dorama HD (1080p),,http://str2.iptvhd.ru:8080/dorama_hd/index.m3u8,dead:http_403
Drive (576p),,http://str2.iptvhd.ru:8080/Drayv/index.m3u8,dead:http_403
Europa Plus TV (576p),,http://str2.iptvhd.ru:8080/Evropa_Plyus_TV/index.m3u8,dead:http_403
Evrokino (576p),,http://str2.iptvhd.ru:8080/Evrokino/index.m3u8,dead:http_403
Extreme Sports Channel (576p),,http://str2.iptvhd.ru:8080/Extream/index.m3u8,dead:http_403
Extreme Sports Channel HD (1080p),,http://str2.iptvhd.ru:8080/Extreme_Sports/index.m3u8,dead:http_403
FON Music (576p),,http://str2.iptvhd.ru:8080/TNT_Music/index.m3u8,dead:http_403
FoodTime (1080p),,http://str2.iptvhd.ru:8080/Eda/index.m3u8,dead:http_403
Football (576p),,http://str2.iptvhd.ru:8080/Futbol/index.m3u8,dead:http_403
Friday! (576p),,http://str2.iptvhd.ru:8080/Pyatnitsa/index.m3u8,dead:http_403
FX (1080p),,http://str2.iptvhd.ru:8080/FOX_HD/index.m3u8,dead:http_403
FX Life (576p),,http://str2.iptvhd.ru:8080/Fox_Life_HD/index.m3u8,dead:http_403
Glazami Turista (1080p),,http://str2.iptvhd.ru:8080/Glazami_turista_HD/index.m3u8,dead:http_403
Gulli Girl (576p),,http://str2.iptvhd.ru:8080/Gulli/index.m3u8,dead:http_403
History 2 (1080p),,http://str2.iptvhd.ru:8080/H2_HD/index.m3u8,dead:http_403
Illusion+ (576p),,http://str2.iptvhd.ru:8080/Illyuzion/index.m3u8,dead:http_403
India (576p),,http://str2.iptvhd.ru:8080/ZeeTV/index.m3u8,dead:http_403
Indiyskoye Kino (576p),,http://str2.iptvhd.ru:8080/Indiya_TV/index.m3u8,dead:http_403
Istoriya (576p),,http://str2.iptvhd.ru:8080/Istoriya/index.m3u8,dead:http_403
Kamedi HD (1080p),,http://str2.iptvhd.ru:8080/Kinopokaz_HD2/index.m3u8,dead:http_403
Kapitan Fantastika HD (1080p),,http://str2.iptvhd.ru:8080/Ginger_HD/index.m3u8,dead:http_403
KHL (576p),,http://str2.iptvhd.ru:8080/KHL/index.m3u8,dead:http_403
KHL Prime (1080p),,http://str2.iptvhd.ru:8080/KHL_TV_HD/index.m3u8,dead:http_403
Kino TV (576p),,http://str2.iptvhd.ru:8080/Kino_TV/index.m3u8,dead:http_403
KinoHit (576p),,http://str2.iptvhd.ru:8080/Kinohit/index.m3u8,dead:http_403
Kinokomedija (576p),,http://str2.iptvhd.ru:8080/Komediya_TV/index.m3u8,dead:http_403
Kinomix (576p),,http://str2.iptvhd.ru:8080/Kino_plyus/index.m3u8,dead:http_403
Kinopokaz (576p),,http://str2.iptvhd.ru:8080/Kinopokaz/index.m3u8,dead:http_403
Kinopremyera HD (1080p),,http://str2.iptvhd.ru:8080/HD_Kino/index.m3u8,dead:http_403
Kinoseriya (576p),,http://str2.iptvhd.ru:8080/Mnogo_TV/index.m3u8,dead:http_403
Kinouzhas (576p),,http://str2.iptvhd.ru:8080/kinoujas_tv/index.m3u8,dead:http_403
Komedia (576p),,http://str2.iptvhd.ru:8080/russkaya_komedia/index.m3u8,dead:http_403
Kto est kto (576p),,http://str2.iptvhd.ru:8080/kto_est_kto/index.m3u8,dead:http_403
Kuhnya (576p),,http://str2.iptvhd.ru:8080/Kuhnya_TV/index.m3u8,dead:http_403
KVN TV (576p),,http://str2.iptvhd.ru:8080/KVN_TV/index.m3u8,dead:http_403
Mama (576p),,http://str2.iptvhd.ru:8080/mama_tv/index.m3u8,dead:http_403
Match! Arena (576p),,http://str2.iptvhd.ru:8080/Match_Arena/index.m3u8,dead:http_403
Match! Boets (576p),,http://str2.iptvhd.ru:8080/Match_Boets/index.m3u8,dead:http_403
Match! Igra HD (1080p),,http://str2.iptvhd.ru:8080/Match_Igra_HD/index.m3u8,dead:http_403
Match! Ultra (1080p),,http://str2.iptvhd.ru:8080/Match_TV_HD/index.m3u8,dead:http_403
MCM Top (576p),,http://str2.iptvhd.ru:8080/MCM/index.m3u8,dead:http_403
Mir 24 (576p),,http://str2.iptvhd.ru:8080/mir_24/index.m3u8,dead:http_403
Moya Planeta (1080p),,http://str2.iptvhd.ru:8080/IQ_HD/index.m3u8,dead:http_403
Mult (576p),,http://str2.iptvhd.ru:8080/Mult/index.m3u8,dead:http_403
Multilandia (576p),,http://str2.iptvhd.ru:8080/Multimaniya/index.m3u8,dead:http_403
MusicBox Gold (576p),,http://str2.iptvhd.ru:8080/360TuneBox/index.m3u8,dead:http_403
Muzhskoe kino (576p),,http://str2.iptvhd.ru:8080/Muzhskoe_kino/index.m3u8,dead:http_403
Muzhskoy (1080p),,http://str2.iptvhd.ru:8080/Muzhskoy/index.m3u8,dead:http_403
Muzyka Live (576p),,http://str2.iptvhd.ru:8080/Lya-minor/index.m3u8,dead:http_403
Nashe HD (1080p),,http://str2.iptvhd.ru:8080/Nashe_HD/index.m3u8,dead:http_403
Nashe Novoe Kino (576p),,http://str2.iptvhd.ru:8080/Nashe_novoe_kino/index.m3u8,dead:http_403
National Geographic (1080p),,http://str2.iptvhd.ru:8080/National_Geographic/index.m3u8,dead:http_403
National Geographic HD (1080p),,http://str2.iptvhd.ru:8080/National_Geo_HD/index.m3u8,dead:http_403
National Geographic Wild (1080p),,http://str2.iptvhd.ru:8080/Nat_Geo_Wild/index.m3u8,dead:http_403
National Geographic Wild HD (1080p),,http://str2.iptvhd.ru:8080/Nat_Geo_Wild_HD/index.m3u8,dead:http_403
Nauka (576p),,http://str2.iptvhd.ru:8080/Nauka_2.0/index.m3u8,dead:http_403
Nostalgia (576p),,http://str2.iptvhd.ru:8080/Nostalgiya/index.m3u8,dead:http_403
NST (576p),,http://str2.iptvhd.ru:8080/NST/index.m3u8,dead:http_403
NTV (576p),,http://str2.iptvhd.ru:8080/NTV/index.m3u8,dead:http_403
NTV HD (1080p),,http://str2.iptvhd.ru:8080/NTV_HD/index.m3u8,dead:http_403
NTV Law (576p),,http://str2.iptvhd.ru:8080/ntvpravo/index.m3u8,dead:http_403
NTV Mir (576p),,http://str2.iptvhd.ru:8080/NTV_Mir/index.m3u8,dead:http_403
NTV Series (576p),,http://str2.iptvhd.ru:8080/ntvserial/index.m3u8,dead:http_403
NTV Style (576p),,http://str2.iptvhd.ru:8080/ntvstyle/index.m3u8,dead:http_403
NTV-Hit (576p),,http://str2.iptvhd.ru:8080/ntv_hit/index.m3u8,dead:http_403
O! (576p),,http://str2.iptvhd.ru:8080/O!/index.m3u8,dead:http_403
Ohotnik i rybolov HD (1080p),,http://str2.iptvhd.ru:8080/Ohotnik_i_Ryibolov_HD/index.m3u8,dead:http_403
Oruzhie (576p),,http://str2.iptvhd.ru:8080/Oruzhie/index.m3u8,dead:http_403
Ostrosyuzhetnoye HD (1080p),,http://str2.iptvhd.ru:8080/Ostrosyuzhetnoe_HD/index.m3u8,dead:http_403
Peretz International (576p),,http://str2.iptvhd.ru:8080/Peretz_int/index.m3u8,dead:http_403
Pervyy Kosmicheskiy HD (1080p),,http://str2.iptvhd.ru:8080/Eureka_HD/index.m3u8,dead:http_403
Pobeda (1080p),,http://94.155.93.182/POBEDA_HD/index.m3u8,dead:http_403
Pobeda (576p),,http://str2.iptvhd.ru:8080/Pobeda/index.m3u8,dead:http_403
Premialnoe HD (1080p),,http://str2.iptvhd.ru:8080/Kino_premium_HD/index.m3u8,dead:http_403
Pro Lyubov HD (1080p),,http://str2.iptvhd.ru:8080/pro_lyubov/index.m3u8,dead:http_403
RBK-TV (576p),,http://str2.iptvhd.ru:8080/RBK/index.m3u8,dead:http_403
REN TV HD (1080p),,http://str2.iptvhd.ru:8080/REN_TV/index.m3u8,dead:http_403
Retro (576p),,http://str2.iptvhd.ru:8080/Retro/index.m3u8,dead:http_403
Rodnoe Kino (576p),,http://str2.iptvhd.ru:8080/Nashe_kino/index.m3u8,dead:http_403
Romantichnoe HD (1080p),,http://str2.iptvhd.ru:8080/Semeynoe_HD/index.m3u8,dead:http_403
RT (720p),,http://212.5.144.156:8080/rt/index.m3u8,dead:http_403
RTG TV HD (1080p),,http://str2.iptvhd.ru:8080/RTG_TV/index.m3u8,dead:http_403
RTVi (450p) [Geo-blocked],,https://s70378.cdn.ngenix.net/rtvi/index.m3u8,dead:http_403
RTVi (576p),,http://str2.iptvhd.ru:8080/RTVi/index.m3u8,dead:http_403
Russia-1 (576p),,http://str2.iptvhd.ru:8080/Rossiya_1/index.m3u8,dead:http_403
Russia-1 HD (1080p),,http://str2.iptvhd.ru:8080/Rossiya_HD/index.m3u8,dead:http_403
Russia-24 (576p),,http://str2.iptvhd.ru:8080/Rossiya_24/index.m3u8,dead:http_403
Russia-K (576p),,http://str2.iptvhd.ru:8080/Rossiya_K/index.m3u8,dead:http_403
Russian Extreme (576p),,http://str2.iptvhd.ru:8080/Russkiy_ekstrim/index.m3u8,dead:http_403
Russkiy Bestseller (576p),,http://str2.iptvhd.ru:8080/Russkiy_bestseller/index.m3u8,dead:http_403
Russkiy Detektiv (576p),,http://str2.iptvhd.ru:8080/Russkiy_detektiv/index.m3u8,dead:http_403
Russkiy Illusion (576p),,http://str2.iptvhd.ru:8080/Russkiy_illyuzion/index.m3u8,dead:http_403
Russkiy roman (576p),,http://str2.iptvhd.ru:8080/Russkiy_roman/index.m3u8,dead:http_403
Sarafan (576p),,http://str2.iptvhd.ru:8080/Sarafan/index.m3u8,dead:http_403
Shanson TV (576p),,http://str2.iptvhd.ru:8080/ShansonTV/index.m3u8,dead:http_403
Shokiruyushchee HD (1080p),,http://str2.iptvhd.ru:8080/Kinopokaz_HD1/index.m3u8,dead:http_403
Solnce (576p),,http://str2.iptvhd.ru:8080/Disney_rus/index.m3u8,dead:http_403
SSSR TV (1080p),,http://str2.iptvhd.ru:8080/sssr_kino/index.m3u8,dead:http_403
Star Family (1080p),,http://str2.iptvhd.ru:8080/112Ukraina/index.m3u8,dead:http_403
START Air HD (1080p),,http://str2.iptvhd.ru:8080/START_Air_HD/index.m3u8,dead:http_403
START World HD (1080p),,http://str2.iptvhd.ru:8080/START_World_HD/index.m3u8,dead:http_403
Strashnoe HD (1080p),,http://str2.iptvhd.ru:8080/StrashnoeHD/index.m3u8,dead:http_403
STS (576p),,http://str2.iptvhd.ru:8080/STS/index.m3u8,dead:http_403
STS HD (1080p),,http://str2.iptvhd.ru:8080/STS_HD/index.m3u8,dead:http_403
STS Love (576p),,http://str2.iptvhd.ru:8080/STS_Love/index.m3u8,dead:http_403
Subbota! HD (1080p),,http://str2.iptvhd.ru:8080/subbota/index.m3u8,dead:http_403
T24 (576p),,http://str2.iptvhd.ru:8080/Tehno_24/index.m3u8,dead:http_403
Telecafe (576p),,http://str2.iptvhd.ru:8080/Telekafe/index.m3u8,dead:http_403
Teleputeshestviya (576p),,http://str2.iptvhd.ru:8080/Teleputeshestviya/index.m3u8,dead:http_403
TERRA (1080p),,http://str2.iptvhd.ru:8080/TERRA_HD/index.m3u8,dead:http_403
TiJi (576p),,http://str2.iptvhd.ru:8080/TiJi/index.m3u8,dead:http_403
TNT (576p),,http://str2.iptvhd.ru:8080/TNT/index.m3u8,dead:http_403
TNT HD (1080p),,http://str2.iptvhd.ru:8080/TNTHD/index.m3u8,dead:http_403
TNT4 HD (1080p),,http://str2.iptvhd.ru:8080/TNT_4/index.m3u8,dead:http_403
Tochka.rf (576p),,http://str2.iptvhd.ru:8080/HD_Life/index.m3u8,dead:http_403
Top Secret (576p),,http://str2.iptvhd.ru:8080/Sovershenno_sekretno/index.m3u8,dead:http_403
Travel+Adventure HD (1080p),,http://str2.iptvhd.ru:8080/Travel_Adventure_HD/index.m3u8,dead:http_403
TV 21 (576p),,http://str2.iptvhd.ru:8080/TV-XXI/index.m3u8,dead:http_403
TV Centr (576p),,http://str2.iptvhd.ru:8080/TVC/index.m3u8,dead:http_403
TV-3 HD (1080p),,http://str2.iptvhd.ru:8080/TV_3/index.m3u8,dead:http_403
U (576p),,http://str2.iptvhd.ru:8080/UTV/index.m3u8,dead:http_403
UDAR (1080p),,http://str2.iptvhd.ru:8080/UFC_HD/index.m3u8,dead:http_403
Usadba (576p),,http://str2.iptvhd.ru:8080/Usadba/index.m3u8,dead:http_403
V gostyakh u skazki (576p),,http://str2.iptvhd.ru:8080/v_gostyax_u_skaski/index.m3u8,dead:http_403
V mire zhivotnykh HD (1080p),,http://str2.iptvhd.ru:8080/Animal_Family_HD/index.m3u8,dead:http_403
viju Explore (576p),,http://str2.iptvhd.ru:8080/Viasat_Explorer/index.m3u8,dead:http_403
viju Nature HD (1080p),,http://str2.iptvhd.ru:8080/Viasat_Nature_HD/index.m3u8,dead:http_403
viju TV1000 (576p),,http://str2.iptvhd.ru:8080/TV1000/index.m3u8,dead:http_403
viju TV1000 action (576p),,http://str2.iptvhd.ru:8080/TV1000_Action/index.m3u8,dead:http_403
viju TV1000 russkoe (576p),,http://str2.iptvhd.ru:8080/TV1000russkoekino/index.m3u8,dead:http_403
viju+ Comedy HD (1080p),,http://str2.iptvhd.ru:8080/TV1000_Comedy_HD/index.m3u8,dead:http_403
viju+ Megahit HD (1080p),,http://str2.iptvhd.ru:8080/TV1000_Megahit_HD/index.m3u8,dead:http_403
viju+ Premiere HD (1080p),,http://str2.iptvhd.ru:8080/TV1000_Premium_HD/index.m3u8,dead:http_403
viju+ Serial HD (1080p),,http://str2.iptvhd.ru:8080/VIP_Serial_HD/index.m3u8,dead:http_403
viju+ Sport HD (1080p),,http://str2.iptvhd.ru:8080/Viasat_Sport/index.m3u8,dead:http_403
Vremya (576p),,http://str2.iptvhd.ru:8080/Vremya/index.m3u8,dead:http_403
Zdorovoe TV (576p),,http://str2.iptvhd.ru:8080/zdorovoe_tv/index.m3u8,dead:http_403
Zhivaya Planeta (576p),,http://str2.iptvhd.ru:8080/Zhivaya_planeta/index.m3u8,dead:http_403
Zhivi! (576p),,http://str2.iptvhd.ru:8080/Zhivi/index.m3u8,dead:http_403
Zvezda HD (1080p),,http://str2.iptvhd.ru:8080/Zvezda/index.m3u8,dead:http_403
Мир +2 (540p) [Not 24/7],,http://hls.mirtv.cdnvideo.ru/mirtv-parampublish/mirtv2_2500/playlist.m3u8,dead:http_403
Мир +4 (540p) [Not 24/7],,http://hls.mirtv.cdnvideo.ru/mirtv-parampublish/mirtv3_2500/playlist.m3u8,dead:http_403
Мир +7 (540p),,http://hls.mirtv.cdnvideo.ru/mirtv-parampublish/mirtv7_2500/playlist.m3u8,dead:http_403
Патриот (576i),,http://catchup.videoline.ru/asvtv/index.m3u8,dead:http_403
РЖД ТВ (1080p) [Geo-blocked],,http://hls.tva.cdnvideo.ru/tva/tvahd.sdp/playlist.m3u8,dead:http_403
РЖД ТВ (360p) [Geo-blocked],,http://hls.tva.cdnvideo.ru/tva/tva.sdp/playlist.m3u8,dead:http_403
.Black,Кино,http://89.33.29.115:8080/Sony_Turbo/tracks-v1a1/mono.m3u8,dead:http_403
TV1000 action HD,Кино,http://89.33.29.115:8080/TV1000_Action/tracks-v1a1/mono.m3u8,dead:http_403
TV1000 HD,Кино,http://89.33.29.115:8080/TV1000/tracks-v1a1/mono.m3u8,dead:http_403
Киноужас,Кино,https://s70378.cdn.ngenix.net/kinouzhas/2/index.m3u8,dead:http_403
Viju+ sport HD,Спорт,http://89.33.29.115:8080/Viasat_Sport/tracks-v1a1/mono.m3u8,dead:http_403
Футбол1,Спорт,http://89.33.29.115:8080/Match_Futbol_1_HD/tracks-v1a1/mono.m3u8,dead:http_403
Футбол2,Спорт,http://89.33.29.115:8080/Match_Futbol_2_HD/tracks-v1a1/mono.m3u8,dead:http_403
Футбол3,Спорт,http://89.33.29.115:8080/Match_Futbol_3_HD/tracks-v1a1/mono.m3u8,dead:http_403
Ani (576p),,http://flussonic.linkintel.ru/Ani/index.m3u8,dead:http_404
Channel 12 (576p) [Geo-blocked],,https://streaming.thestream.cyou/live/7004.m3u8,dead:http_404
Channel 8 (576p),,http://v4.proofix.ru/okino-tv/index.m3u8,dead:http_404
Fast&FunBox HD (1080p),,http://str2.iptvhd.ru:8080/FastFunBoxHD/index.m3u8,dead:http_404
Gulli Girl (576p),,https://live-3.otcnet.ru/GulliGirl/index.m3u8,dead:http_404
Match! Strana (576p),,http://ukr.ukrainske.tv/134/keytvainua/video.m3u8,dead:http_404
National Geographic (1080p),,http://dtv.vol.net.ua/National_Geographic-HD/index.m3u8,dead:http_404
NTV SD (576p),,http://45.153.24.78/NTV/index.m3u8,dead:http_404
RT en Espanol (1080p),,http://15.204.246.24:8080/RTHD/index.m3u8,dead:http_404
RTG int.,,http://213.91.179.28:8000/play/a0bw,dead:http_404
STS SD (576p),,http://45.153.24.78/STS/index.m3u8,dead:http_404
TiJi (576p),,https://live-3.otcnet.ru/Tiji/index.m3u8,dead:http_404
TNT HD (1080p),,http://45.153.24.78/TNT/index.m3u8,dead:http_404
TNT4 (576p),,http://176.118.197.101/TNT4/index.m3u8,dead:http_404
TV1000 Russian Kino Global,,http://213.91.179.28:8000/play/a0bx,dead:http_404
Vkus (576p),,http://178.134.1.158:8081/vkus/index.m3u8,dead:http_404
ROMEO Video,Kinowalk TV,http://kinowalk.hopto.org/romantic_live,dead:http_404
Snoochies Boochies,Kinowalk TV,http://kinowalk.hopto.org/sinema_live,dead:http_404
ZubrilomFilm,Kinowalk TV,http://kinowalk.hopto.org/zubrilomfilm_live,dead:http_404
КИНО05,Kinowalk TV,http://kinowalk.hopto.org/kino05_live,dead:http_404
Коновал ТВ,Kinowalk TV,http://kinowalk.hopto.org/www.konoval_tv_live,dead:http_404
Феникс+Кино,Кино,http://tv.teamm.workers.dev/ch147/tv.m3u8?tv=tv,dead:http_404
Bridge,Музыкальные,http://5.188.159.128:8070/bridgetv/index.m3u8,dead:http_404
EDM Mainstage,Музыкальные,https://mbit1.worldcast.tv/dancetelevisionseven/stream_0.m3u8,dead:http_404
Первый FHD,Основные,https://edge07d.mediavitrina.ru/hls-livef6/1tv/index.m3u8?token=v2.Ibn-3seXzKQRH-0-AS8g5FbvxtKAgNtikaUiP1Nx_sk.FVVUgUnXlLuNIQyOzkjLY9jkVKyvd93-7Mk6MMRFnsQ.1790928714.36e3bc8b0e226fdf87238c9ab29ef472,dead:http_409
Рен ТВ HD,Основные,https://edge06d.mediavitrina.ru/hls-livef6/ren-tv/index.m3u8?token=v2.PsDEIEIPzwadDScYvKAEyDwHS0WLeQ6gJUQ-e3BaZzg.M1GAoaPeoR6a7zsCuGBJAoJnYaQ8Wcqf9WdyPDuHQ5s.1790928815.e8a1027430e9ae18ce1612f277ded1de,dead:http_409
ТВЦ HD,Основные,https://edge07r.mediavitrina.ru/hls-livef5/tvc/index.m3u8?token=v2.nPiGGw0bAt8o43U9aezUh4ZZ6hGA9toZLReQhlfpgv0.z8P5nwplONqS4k5nLt06aZtoBHDLSFqSAhJ8aecQr4U.1790928989.2b6ba29ab5de971cf49a9a11db3ced96,dead:http_409
Channel One (576p),,http://45.153.24.78/1TV/index.m3u8,dead:http_503
Наша Тема,Развлекательные,http://live-3.otcnet.ru/nashatema/index.m3u8,dead:http_503
Afontovo,,https://stream.afontovo.ru/hd.m3u8,dead:timeout
Bolt (576p),,http://hls127.freeott.top:8080/Bolt/video.m3u8,dead:timeout
Channel 8 (576p),,http://hls127.freeott.top:8080/8_KANAL/video.m3u8,dead:timeout
Channel One (576p),,http://45.145.32.13:20440/pervyj_kanal/index.m3u8?token=test,dead:timeout
Da Vinci (576p),,http://hls127.freeott.top:8080/Da_Vinci_Learning/video.m3u8,dead:timeout
Detskiy (576p),,http://45.145.32.13:20440/unikum/index.m3u8?token=test,dead:timeout
Detvora+ (1080p),,https://cdn.rostelekom-tv.xyz/live/WAYU4PTJ_VVz4wAQ.m3u8,dead:timeout
Dikij (576p),,http://hls127.freeott.top:8080/Dikiy/video.m3u8,dead:timeout
Fon Music (1080p),,http://hls127.freeott.top:8080/TNT_MUSIC_HD/video.m3u8,dead:timeout
Football (576p),,http://hls127.freeott.top:8080/Football/video.m3u8,dead:timeout
Gulli Girl (576p),,http://flussonic.linkintel.ru/gulli_girl/index.m3u8,dead:timeout
Hit HD (1080p),,http://hls127.freeott.top:8080/XitHD/video.m3u8,dead:timeout
Istoriya (576p),,http://hls127.freeott.top:8080/Istoriya/video.m3u8,dead:timeout
Kino 24 (720p),,http://sirius.greenhosting.ru/Kino24Ru/video.m3u8,dead:timeout
Kinopokaz HD (1080p),,http://hls127.freeott.top:8080/Kinopokaz_HD/video.m3u8,dead:timeout
Kinopremyera (1080p),,http://5.188.159.128:8070/KINOPREMIERA/index.m3u8,dead:timeout
Kinoseriya (1080p),,http://hls127.freeott.top:8080/Kinoseriya_HD/video.m3u8,dead:timeout
Kluch (576p),,http://hls127.freeott.top:8080/Kluch/video.m3u8,dead:timeout
Kukhnya TV (576p),,http://hls127.freeott.top:8080/Kuhnya_TV/video.m3u8,dead:timeout
Maidan (576p),,http://hls127.freeott.top:8080/Maydan/video.m3u8,dead:timeout
MMA-TV.com (576p),,http://45.145.32.13:20440/mmatv/index.m3u8?token=test,dead:timeout
Mosfilm Gold Collection (576p),,http://31.222.235.15/mosfilm/index.m3u8,dead:timeout
Mosfilm Gold Collection (576p),,http://hls127.freeott.top:8080/Mosfilm/video.m3u8,dead:timeout
Moskva 24 (576p),,http://45.145.32.13:20440/moskva24/index.m3u8?token=test,dead:timeout
Mult i muzyka (576p),,http://hls127.freeott.top:8080/Mult_Muzika/video.m3u8,dead:timeout
Muz-TV (576p),,http://185.71.81.6:8080/20/index.m3u8,dead:timeout
Muz-TV (576p),,http://hls127.freeott.top:8080/MUZ_TV/video.m3u8,dead:timeout
Nashe Lubimoe Kino (576p),,http://hls127.freeott.top:8080/Lubimoe_Kino/video.m3u8,dead:timeout
Nashe Novoe Kino (1080p),,http://hls127.freeott.top:8080/Nashe_Novoe_Kino_HD/video.m3u8,dead:timeout
National Geographic Wild (1080p),,http://hls127.freeott.top:8080/Nat_Geo_Wild_SD/video.m3u8,dead:timeout
Nauka (576p),,http://45.145.32.13:20440/nauka/index.m3u8?token=test,dead:timeout
Nostalgia (576p),,http://hls127.freeott.top:8080/Nostalgiya/video.m3u8,dead:timeout
NST (576p),,http://hls127.freeott.top:8080/HCTV/video.m3u8,dead:timeout
NTV Law (576p),,http://hls127.freeott.top:8080/NTV_PRAVO_TV/video.m3u8,dead:timeout
NTV Style (576p),,http://hls127.freeott.top:8080/NTV_STIL_TV/video.m3u8,dead:timeout
Ocean-TV (576p),,http://hls127.freeott.top:8080/Ocean_TV/video.m3u8,dead:timeout
Pro Lyubov (1080p),,http://hls127.freeott.top:8080/ProLubovHD/video.m3u8,dead:timeout
Pro100TV (576p),,https://sirius.greenhosting.ru/Pro100tvRu/video.m3u8,dead:timeout
Radost Moya (576p),,http://31.148.48.15/Radost_moya/index.m3u8,dead:timeout
RBK-TV SD (576p),,http://hls127.freeott.top:8080/RBK/video.m3u8,dead:timeout
REN TV (576p),,http://31.148.48.15/REN-TV/index.m3u8,dead:timeout
REN TV (576p),,http://45.145.32.13:20440/ren_tv/index.m3u8?token=test,dead:timeout
RT HD (1080p),,http://31.148.48.15/RT_HD/index.m3u8,dead:timeout
Russia-24 HD (1080p),,https://vgtrkregion-reg.cdnvideo.ru/vgtrk/0/russia24-hd/index.m3u8,dead:timeout
Shanson TV (576p),,http://hls127.freeott.top:8080/Shanson_Tv/video.m3u8,dead:timeout
Shot TV (576p),,http://hls127.freeott.top:8080/SHOT_TV/video.m3u8,dead:timeout
Solnce (576p),,http://31.148.48.15/Solnce/index.m3u8,dead:timeout
Spas (576p),,http://hls127.freeott.top:8080/Spas/video.m3u8,dead:timeout
STS Love (576p),,http://hls127.freeott.top:8080/CTC-LOVE/video.m3u8,dead:timeout
SuperGeroi (1080p),,http://31.148.48.15/Malish_TV/index.m3u8,dead:timeout
Teatr (576p),,http://hls127.freeott.top:8080/Teatr/video.m3u8,dead:timeout
TiJi (576p),,http://flussonic.linkintel.ru/tiji/index.m3u8,dead:timeout
Tochka RF (1080p),,http://45.145.32.13:20440/hdl/index.m3u8?token=test,dead:timeout
Top Secret (576p),,http://hls127.freeott.top:8080/Sovershenno_Sekretno/video.m3u8,dead:timeout
Travel+Adventure (576p),,http://45.145.32.13:20440/travel_adventure/index.m3u8?token=test,dead:timeout
TV Centr (576p),,http://hls127.freeott.top:8080/Tv_Center/video.m3u8,dead:timeout
TV Centr SD (576p),,http://185.71.81.6:8080/10/index.m3u8,dead:timeout
Velvet. European Movies (1080p),,https://cdn.rostelekom-tv.xyz/live/LQ3j0n7j0Kq4OQm8.m3u8,dead:timeout
Velvet. Golden Collection (1080p),,https://cdn.rostelekom-tv.xyz/live/v804qFZr0QVQ1s9Z.m3u8,dead:timeout
Velvet. Mentovskiye Serialy (1080p),,https://cdn.rostelekom-tv.xyz/live/tWQ0ge9rspBQhRst.m3u8,dead:timeout
Velvet. Scary (1080p),,https://cdn.rostelekom-tv.xyz/live/NImhIFLevxCbtcP-.m3u8,dead:timeout
Velvet. Series Hits (1080p),,https://cdn.rostelekom-tv.xyz/live/DeWr3Sgw1Aj2lJd0.m3u8,dead:timeout
Velvet. Sovetskoe Kino (1080p),,https://cdn.rostelekom-tv.xyz/live/nF4sFCa49nFPHSF_.m3u8,dead:timeout
Velvet. Svaty (1080p),,https://cdn.rostelekom-tv.xyz/live/HSxyMqDlSVR54UTN.m3u8,dead:timeout
Velvet. World Series (1080p),,https://cdn.rostelekom-tv.xyz/live/2RR44py-yGlIWQIp.m3u8,dead:timeout
Zhara (576p),,http://hls127.freeott.top:8080/Zhara/video.m3u8,dead:timeout
Zvezda Plus (576p),,http://45.145.32.13:20440/zvezdaplus/index.m3u8?token=test,dead:timeout
Вера 24,,https://5f05e059699ae.streamlock.net/WEB_Vera24/ngrp:Vera24.stream-adaptive/playlist.m3u8,dead:timeout
Волгоград 24 (1080p),,https://vgtrkregion-reg.cdnvideo.ru/vgtrk/volgograd/russia1-hd/index.m3u8,dead:timeout
Крым 24,,https://cdn.1tvcrimea.ru/24tvcrimea.m3u8,dead:timeout
Легендарный 24,,https://sevas.1tvcrimea.ru/legendarniy24.m3u8,dead:timeout
Миллет (720p),,https://live1.1tvcrimea.ru/milletlive.m3u8,dead:timeout
Мультимания (576p),,https://sirius.greenhosting.ru/MultimaniaRu/tracks-v1a1/mono.m3u8,dead:timeout
Мультимания ТВ (576p),,http://sirius.greenhosting.ru/MultimaniaRu/video.m3u8,dead:timeout
Первый Крымский (720p),,https://live1.1tvcrimea.ru/1tvcrimea.m3u8,dead:timeout
Симферополь 24,,https://simf.1tvcrimea.ru/simferopol24.m3u8,dead:timeout
Смайл ТВ,,https://5f05e059699ae.streamlock.net/WEB_Smilik/ngrp:Smilik.stream-adaptive/playlist.m3u8,dead:timeout
Тамыр (Уфа),,https://bstonline.mediacdn.ru/cdn/tamyr/playlist.m3u8,dead:timeout
ТВК 24 (576p),,https://air.tvk6.ru/tvk24/playlist.m3u8,dead:timeout
FantasticMistyc,Kinowalk TV,"rtmp://vkvsd199.okcdn.ru/playback/3780958366657?stkn=c3qCEto7Z19Gl6AT2PFZujdHvggU3zjJ1Wd4nvkEESOm9yVb5Ua8iL_YwVUg7G8dNsZOAkV5dUs&uid=0&sp=uid,sp&sig=vlibqm4nyu&fromCache=1",dead:timeout
TDM KINO,Kinowalk TV,"rtmp://vkvsd79.okcdn.ru/playback/11865043512184?stkn=iP9X2jyo6Zr-w_LUZKkXvBaBp3-lOX9JjFgyOpcPnbsjorW-MN9cBeUsyuGVMWt0uqYPqhnhKxwK&uid=0&sp=uid,sp&sig=vlibqm4nyu&fromCache=1",dead:timeout
TV Series,Kinowalk TV,"rtmp://vkvsd258.okcdn.ru/playback/4212830514154?stkn=3-5AxYkRTClGxxwNYsB-PosDfNMu_Z8wVCxKPRiA5P1eG-dXv3IyUKjRPAmaGd92HY3VjEPNPE4&uid=0&sp=uid,sp&sig=vlibqm4nyu&fromCache=1",dead:timeout
Amedia 2 HD,Кино,http://tv.ttk.mx:9156,dead:timeout
Дом кино Premium HD,Кино,http://tv.ttk.mx:9084,dead:timeout
КиноТВ HD,Кино,http://tv.ttk.mx:9113,dead:timeout
Мосфильм. Золотая коллекция,Кино,http://tv.ttk.mx:9169,dead:timeout
НТВ Хит,Кино,http://tv.ttk.mx:9173,dead:timeout
Победа,Кино,http://tv.ttk.mx:9149,dead:timeout
Deluxe Dance,Музыкальные,http://92.114.85.52:1453/play/a02f/index.m3u8,dead:timeout
RETROHITS,Музыкальные,"rtmp://vkvsd285.okcdn.ru/playback/7765205854979?stkn=3YIqbICN3HQXqSqHe0t6L_U4aObzKpZdQDqaZigiXarsKvoVAU1g9ABrdjLIO7hYZdJPsBcdTGk&uid=0&sp=uid,sp&sig=vlibqm4nyu&fromCache=1",dead:timeout
TechnoDanceMusic,Музыкальные,"rtmp://vkvsd260.okcdn.ru/playback/4541149555686?stkn=_GLaJIlrWpbJgXi_b5gtNKlx404aCHbd48x9zKalkpUqDF0ccnViROdGa7iV8JjrPLmm0qJTU0w&uid=0&sp=uid,sp&sig=vlibqm4nyu&fromCache=1",dead:timeout
Зоопарк,Познавательные,http://tv.ttk.mx:9029,dead:timeout
Тайны галактики HD,Познавательные,http://tv.ttk.mx:9071,dead:timeout
Поехали!,Развлекательные,http://tv.ttk.mx:9082,dead:timeout
Русский экстрим,Развлекательные,http://tv.ttk.mx:9095,dead:timeout
IPTVPLAY ДЕСЯТОЕ КОРОЛЕВСТВО,СМОТРИМ +,http://5.188.158.65:4040/IPTVPLAY10KOROLEVSTVO.tv/video.m3u8?token=lqRGka5-YwwqF0,dead:timeout
Матч!,Спорт,http://46.151.151.250:9002,dead:timeout
Мир Баскетбола,Спорт,http://45.145.32.13:20440/mir_basketbola/index.m3u8?token=test,dead:timeout
1HD Music Television (1080p),,https://stream8.cinerama.uz/1267/tracks-v1a1/mono.m3u8,domain
365 days TV (576p),,https://stream8.cinerama.uz/1242/tracks-v1a1/mono.m3u8,domain
Arsenal (576p),,https://stream8.cinerama.uz/1414/tracks-v1a1/mono.m3u8,domain
Auto Plus,,https://stream8.cinerama.uz/1036/tracks-v1a1/mono.m3u8,domain
Channel One HD (720p),,https://stream8.cinerama.uz/1214/tracks-v1a1/mono.m3u8,domain
Cinema,,https://stream8.cinerama.uz/1227/tracks-v1a1/mono.m3u8,domain
Da Vinci,,https://stream8.cinerama.uz/1231/tracks-v1a1/mono.m3u8,domain
Detskiy (576p),,https://stream8.cinerama.uz/1033/tracks-v1a1/mono.m3u8,domain
Dikij (576p),,https://stream3.cinerama.uz/1230/tracks-v1a1/mono.m3u8,domain
Doctor (576i),,https://stream8.cinerama.uz/1409/tracks-v1a1/mono.m3u8,domain
Dom kino,,https://stream8.cinerama.uz/1054/tracks-v1a1/mono.m3u8,domain
Domashnie Zhivotnye (576p),,https://stream8.cinerama.uz/1426/tracks-v1a1/mono.m3u8,domain
Dorama,,https://stream8.cinerama.uz/1273/tracks-v1a1/mono.m3u8,domain
Drive (576i),,https://stream8.cinerama.uz/1421/tracks-v1a1/mono.m3u8,domain
FON Music (576p),,https://stream8.cinerama.uz/1272/tracks-v1a1/mono.m3u8,domain
Glazami Turista (576i),,https://stream8.cinerama.uz/1423/tracks-v1a1/mono.m3u8,domain
Gulli Girl (720p),,https://stream8.cinerama.uz/1445/tracks-v1a1/mono.m3u8,domain
Indiyskoye Kino,,https://stream8.cinerama.uz/1060/tracks-v1a1/mono.m3u8,domain
Insayt TV (2160p),,https://stream8.cinerama.uz/1416/tracks-v1a1/mono.m3u8,domain
Kapitan Fantastika (576p),,https://stream8.cinerama.uz/1406/tracks-v1a1/mono.m3u8,domain
KinoHit,,https://stream8.cinerama.uz/1055/tracks-v1a1/mono.m3u8,domain
Kinopokaz,,https://stream8.cinerama.uz/1057/tracks-v1a1/mono.m3u8,domain
Kinopremyera,,https://stream8.cinerama.uz/1207/tracks-v1a1/mono.m3u8,domain
Kinosvidanie,,https://stream8.cinerama.uz/1203/tracks-v1a1/mono.m3u8,domain
Kuhnya (576p),,https://stream8.cinerama.uz/1236/tracks-v1a1/mono.m3u8,domain
Mama (576p),,https://stream8.cinerama.uz/1244/tracks-v1a1/mono.m3u8,domain
Mir,,https://stream8.cinerama.uz/1218/tracks-v1a1/mono.m3u8,domain
Mir 24,,https://stream8.cinerama.uz/1219/tracks-v1a1/mono.m3u8,domain
MMA-TV.com,,https://stream8.cinerama.uz/1226/tracks-v1a1/mono.m3u8,domain
Mult (576p),,https://stream8.cinerama.uz/1246/tracks-v1a1/mono.m3u8,domain
Multilandia,,https://stream8.cinerama.uz/1440/tracks-v1a1/mono.m3u8,domain
Muz-TV,,https://stream8.cinerama.uz/1200/tracks-v1a1/mono.m3u8,domain
Muzyka Pervogo,,https://stream8.cinerama.uz/1201/tracks-v1a1/mono.m3u8,domain
Nashe Novoe Kino,,https://stream8.cinerama.uz/1051/tracks-v1a1/mono.m3u8,domain
Nicktoons CIS (1080p),,https://stream8.cinerama.uz/1502/playlist.m3u8,domain
NTV,,https://stream8.cinerama.uz/1023/tracks-v1a1/mono.m3u8,domain
Ohotnik i rybolov (576i),,https://stream8.cinerama.uz/1413/tracks-v1a1/mono.m3u8,domain
Okhota i rybalka,,https://stream8.cinerama.uz/1038/tracks-v1a1/mono.m3u8,domain
Priklyucheniya (576p),,https://stream8.cinerama.uz/1420/tracks-v1a1/mono.m3u8,domain
Retro,,https://stream8.cinerama.uz/1047/tracks-v1a1/mono.m3u8,domain
Rodnoe Kino,,https://stream8.cinerama.uz/1052/tracks-v1a1/mono.m3u8,domain
RU.TV,,https://stream8.cinerama.uz/1202/tracks-v1a1/mono.m3u8,domain
Russia-1,,https://stream8.cinerama.uz/1020/tracks-v1a1/mono.m3u8,domain
Russia-24,,https://stream8.cinerama.uz/1021/tracks-v1a1/mono.m3u8,domain
Russia-K (576p),,https://stream8.cinerama.uz/1048/tracks-v1a1/mono.m3u8,domain
Ryzhiy (576i),,https://stream8.cinerama.uz/1407/tracks-v1a1/mono.m3u8,domain
Smile TV (720p),,https://stream8.cinerama.uz/1425/tracks-v1a1/mono.m3u8,domain
T24,,https://stream8.cinerama.uz/1037/tracks-v1a1/mono.m3u8,domain
Telecafe,,https://stream8.cinerama.uz/1035/tracks-v1a1/mono.m3u8,domain
TiJi (576p),,https://stream8.cinerama.uz/1441/tracks-v1a1/mono.m3u8,domain
TNV-Planet,,https://stream8.cinerama.uz/1062/tracks-v1a1/mono.m3u8,domain
Tochka otryva (576p),,https://stream8.cinerama.uz/1031/tracks-v1a1/mono.m3u8,domain
TV Centr (576p),,https://stream8.cinerama.uz/1025/tracks-v1a1/mono.m3u8,domain
TV Centr International (576p),,https://stream8.cinerama.uz/1281/tracks-v1a1/mono.m3u8,domain
Usadba (576p),,https://stream8.cinerama.uz/1427/tracks-v1a1/mono.m3u8,domain
V gostyakh u skazki (1080p),,https://stream8.cinerama.uz/1270/tracks-v1a1/mono.m3u8,domain
viju Nature,,https://stream8.cinerama.uz/1228/tracks-v1a1/mono.m3u8,domain
viju TV1000 action,,https://stream8.cinerama.uz/1225/tracks-v1a1/mono.m3u8,domain
viju TV1000 russkoe,,https://stream8.cinerama.uz/1058/tracks-v1a1/mono.m3u8,domain
viju TV1000 russkoe,,https://stream8.cinerama.uz/1059/tracks-v1a1/mono.m3u8,domain
viju+ Sport,,https://stream8.cinerama.uz/1229/tracks-v1a1/mono.m3u8,domain
Zagorodnaya Zhizn,,https://stream8.cinerama.uz/1044/tracks-v1a1/mono.m3u8,domain
Zdorovoe TV (576p),,https://stream8.cinerama.uz/1428/tracks-v1a1/mono.m3u8,domain
Zhivaya Planeta (576p),,https://stream8.cinerama.uz/1250/tracks-v1a1/mono.m3u8,domain
Zoopark (576i),,https://stream8.cinerama.uz/1417/tracks-v1a1/mono.m3u8,domain
Zvezda,,https://stream8.cinerama.uz/1050/tracks-v1a1/mono.m3u8,domain
Вопросы и ответы,Развлекательные,https://stream8.cinerama.uz/1429/tracks-v1a1/mono.m3u8,domain
Драйв,Развлекательные,http://stream8.cinerama.uz/1421/mono.m3u8,domain
Trace Sport Stars HD,Спорт,https://stream8.cinerama.uz/1274/tracks-v1a1/mono.m3u8,domain
2x2,Детские,http://194.152.35.17/2x2/index.m3u8,group_exclude
2x2 HD,Детские,https://bl.rutube.ru/livestream/392b4686b770bae2da6bf5ac4574add5/index.m3u8?s=csWYUddw7ZPKX2UHThswTg&e=2073777408&scheme=https,group_exclude
Cartoonito,Детские,https://tinyurl.com/upwnsw7p/723/index.m3u8,group_exclude
Da Vinci,Детские,https://fs.uplink.kz/da_vinci/mono.m3u8?token=onlinetv,group_exclude
English Club TV,Детские,https://stream8.cinerama.uz/1442/tracks-v1a1/mono.m3u8,group_exclude
FoxKids Remastered,Детские,http://kinowalk.hopto.org/foxkids_remastered_live,group_exclude
JTX Online,Детские,http://kinowalk.hopto.org/jtxonline_live,group_exclude
Nicktoons,Детские,https://stream8.cinerama.uz/1502/tracks-v1a1/mono.m3u8,group_exclude
NikNik-TV,Детские,https://hostrec.ru/live/wic2AtEFCLwsZcUkAgtZcjlYgjc.m3u8,group_exclude
TiJi,Детские,https://flussonic.mkpnet.ru/tv-3848dd8604a262e0/video.m3u8,group_exclude
В гостях у сказки,Детские,https://stream1.cinerama.uz/1270/tracks-v1a1/mono.m3u8,group_exclude
Лапки LIVE,Детские,https://fs.uplink.kz/lapki_live/mono.m3u8?token=onlinetv,group_exclude
Лёва,Детские,https://tinyurl.com/teh55yef/15098/index.m3u8,group_exclude
Мультиландия,Детские,https://flussonic.mkpnet.ru/tv-89530153f25733fe/video.m3u8,group_exclude
"Ну, Погоди!",Детские,http://194.26.229.213/souzmultfilm/index.m3u8,group_exclude
О!,Детские,http://tv.ttk.mx:9092,group_exclude
Советские Мультфильмы,Детские,http://peers.tv-live-669.workers.dev/?ID=http://api.peers.tv/timeshift/sovetskiemult/16/playlist.m3u8,group_exclude
Солнце,Детские,https://flussonic.mkpnet.ru/tv-ac43800065b9b1b7/video.m3u8,group_exclude
СуперГерои,Детские,http://109.94.1.3:8080/132/index.m3u8,group_exclude
Том и Джерри,Детские,https://rpn3.bozztv.com/dvrfl07/giatv-208314/playlist.m3u8,group_exclude
Чип и Дейл,Детские,http://194.26.229.213/chip-n-dale-rescue-rangers/index.m3u8,group_exclude
IPTVPLAY PROMO,СМОТРИМ +,http://5.188.158.65:4040/IPTVPLAYPromo.tv/video.m3u8?token=lqRGka5-YwwqF0,name_blocklist
Baby Time (576p),,http://178.134.1.158:8081/babytime/index.m3u8,name_exclude
Baby Time (576p),,https://fs.uplink.kz/baby_time/mono.m3u8?token=onlinetv,name_exclude
Baby Time (576p),,http://str2.iptvhd.ru:8080/Baby_TV/index.m3u8,name_exclude
Nick Jr. (576p),,http://stream.mcquack.net/220/index.m3u8,name_exclude
Nick Jr. (576p),,https://stream8.cinerama.uz/1501/playlist.m3u8,name_exclude
Nickelodeon (576p),,http://stream.mcquack.net/443/index.m3u8,name_exclude
Nickelodeon (576p),,http://str2.iptvhd.ru:8080/Nickelodeon/index.m3u8,name_exclude
RU.TV Kids (720p),,https://rutvkids.ru/live/efir/index.m3u8,name_exclude
STS kids (576p),,http://hls127.freeott.top:8080/STS_Kids/video.m3u8,name_exclude
STS kids (576p),,http://stream.mcquack.net/197/index.m3u8,name_exclude
STS kids HD (1080p),,http://45.145.32.13:20440/ctc_kids_hd/index.m3u8?token=test,name_exclude
STS kids HD (1080p),,http://str2.iptvhd.ru:8080/sts_kids_hd/index.m3u8,name_exclude
STS kids International (576p),,https://fs.uplink.kz/sts_kids/mono.m3u8?token=onlinetv,name_exclude
Fresh Kids,Fresh,http://stream.mcquack.net/425/index.m3u8,name_exclude
Disney XD,Kinowalk,http://kinowalk.hopto.org/disneyxd_live,name_exclude
Kycman мульт,Kinowalk TV,http://kinowalk.hopto.org/kycman_live,name_exclude
Cartoon Classics,Детские,http://5.188.159.128:8070/Cartoon_Network/index.m3u8,name_exclude
Cartoon Network,Детские,http://45.132.87.69:8080/cartoon_network/index.m3u8,name_exclude
Nick Jr,Детские,https://stream8.cinerama.uz/1501/tracks-v1a1/mono.m3u8,name_exclude
Nickelodeon,Детские,https://bl.rutube.ru/livestream/e902c1a059034a1537430b2aa5aedece/index.m3u8?s=Ac5CNFCTPyjvI502W6xgrw&e=2090404676&scheme=https,name_exclude
Детский,Детские,http://185.46.16.239:8000/Detskiy,name_exclude
Детский мир,Детские,http://tv.ttk.mx:9063,name_exclude
Канал Disney Онлайн,Детские,http://kinowalk.hopto.org/kanaldisneyonline_live,name_exclude
Карусель,Детские,https://fs.uplink.kz/karusel/mono.m3u8?token=onlinetv,name_exclude
Мульт,Детские,https://flussonic.mkpnet.ru/tv-c8b065a591077c26/video.m3u8,name_exclude
CineMan,,https://tinyurl.com/4tfv9tup/11004/index.m3u8,shortener
CineMan Action,,https://tinyurl.com/4tfv9tup/11006/index.m3u8,shortener
CineMan Cartoons 90,,https://tinyurl.com/upwnsw7p/11001/index.m3u8,shortener
CineMan Cartoons Big,,https://tinyurl.com/upwnsw7p/11003/index.m3u8,shortener
CineMan Cartoons Short,,https://tinyurl.com/upwnsw7p/11002/index.m3u8,shortener
CineMan Marvel,,https://tinyurl.com/4tfv9tup/11009/index.m3u8,shortener
CineMan MiniSeries,,https://tinyurl.com/4tfv9tup/19437/index.m3u8,shortener
CineMan Premium,,https://tinyurl.com/4tfv9tup/20112/index.m3u8,shortener
CineMan Thriller,,https://tinyurl.com/4tfv9tup/11007/index.m3u8,shortener
CineMan Top,,https://tinyurl.com/4tfv9tup/11005/index.m3u8,shortener
CineMan VHS,,https://tinyurl.com/4tfv9tup/11012/index.m3u8,shortener
CineMan Катастрофы,,https://tinyurl.com/upwnsw7p/15106/index.m3u8,shortener
CineMan Комедийные Сериалы,,https://tinyurl.com/upwnsw7p/31628/index.m3u8,shortener
CineMan Комедия,,https://tinyurl.com/4tfv9tup/11011/index.m3u8,shortener
CineMan Криминальные Сериалы,,https://tinyurl.com/upwnsw7p/31626/index.m3u8,shortener
CineMan Лесник,,https://tinyurl.com/upwnsw7p/16065/index.m3u8,shortener
CineMan Мелодрама,,https://tinyurl.com/4tfv9tup/11008/index.m3u8,shortener
CineMan Ментовские войны,,https://tinyurl.com/upwnsw7p/16063/index.m3u8,shortener
CineMan ПёС + Лихач,,https://tinyurl.com/upwnsw7p/16064/index.m3u8,shortener
CineMan РуКино,,https://tinyurl.com/4tfv9tup/11013/index.m3u8,shortener
CineMan Сваты,,https://tinyurl.com/upwnsw7p/11014/index.m3u8,shortener
CineMan Симпсоны,,https://tinyurl.com/upwnsw7p/15101/index.m3u8,shortener
CineMan Скорая Помощь,,https://tinyurl.com/upwnsw7p/15100/index.m3u8,shortener
CineMan Ужасы,,https://tinyurl.com/4tfv9tup/11010/index.m3u8,shortener
CineMan Фитнес,,https://tinyurl.com/upwnsw7p/31629/index.m3u8,shortener
RT HD (1080p),,https://wisewatchoott.wiseplayout.com/RT/master.m3u8,shortener
FlixSnip HD,Кино,https://tinyurl.com/teh55yef/10060/index.m3u8,shortener
Kion Хит HD,Кино,https://tinyurl.com/teh55yef/20211/index.m3u8,shortener
Start Air HD,Кино,https://tinyurl.com/4tfv9tup/18036/index.m3u8,shortener
Sumiko,Кино,https://tinyurl.com/4tfv9tup/2163/index.m3u8,shortener
VHS-ка,Кино,https://tinyurl.com/teh55yef/5006/index.m3u8,shortener
VHS-ка Сериал HD,Кино,https://tinyurl.com/teh55yef/31931/index.m3u8,shortener
Блокбастер HD,Кино,https://tinyurl.com/2x47stw5/1031.m3u8,shortener
Комедийное HD,Кино,https://tinyurl.com/2x47stw5/906.m3u8,shortener
Наш Кинопоказ HD,Кино,https://tinyurl.com/4tfv9tup/2434/index.m3u8,shortener
Остросюжетное HD,Кино,https://tinyurl.com/2x47stw5/902.m3u8,shortener
Премиальное HD,Кино,https://tinyurl.com/2x47stw5/901.m3u8,shortener
Шокирующее HD,Кино,https://tinyurl.com/2x47stw5/905.m3u8,shortener
Epic HD,Познавательные,https://tinyurl.com/4tfv9tup/2054/index.m3u8,shortener
Приключения HD,Познавательные,https://tinyurl.com/teh55yef/920/index.m3u8,shortener
Gagsnetwork,Развлекательные,https://tinyurl.com/upwnsw7p/14024/index.m3u8,shortener
Аппетитный,Развлекательные,https://tinyurl.com/upwnsw7p/9067/index.m3u8,shortener
Диалоги о Рыбалке,Развлекательные,https://tinyurl.com/upwnsw7p/2394/index.m3u8,shortener
Зал суда,Развлекательные,https://tinyurl.com/teh55yef/7141/index.m3u8,shortener
Кто Куда,Развлекательные,https://tinyurl.com/4tfv9tup/2112/index.m3u8,shortener
Оружие,Развлекательные,https://tinyurl.com/teh55yef/2087/index.m3u8,shortener
Setanta Sports 1,,http://158.101.222.193:88/georgia_play.php?id=setanta_georgia,url_extension
Setanta Sports 2,,http://158.101.222.193:88/georgia_play.php?id=setanta_sports_plus_georgia,url_extension
TV1000 русское HD,Кино,http://line.tivi-one.net:80/play/live.php?mac=A0:BB:3E:75:52:64&stream=1031904&extension=ts&play_token=TngILrSNZd,url_extension
Кинопремьера,Кино,http://158.101.222.193:88/georgia_play.php?id=kinopremyerahd,url_extension
Наше новое кино HD,Кино,http://line.tivi-one.net:80/play/live.php?mac=A0:BB:3E:75:52:64&stream=1031893&extension=ts&play_token=FVTY1Deq2j,url_extension
